nameWithOwner,popularidade_estrelas,atividade_releases,maturidade_anos
Snailclimb/JavaGuide,151771,0,7.36
krahets/hello-algo,116825,9,2.87
GrowingGit/GitHub-Chinese-Top-Charts,102277,0,6.03
iluwatar/java-design-patterns,92691,0,11.1
macrozheng/mall,81596,3,7.46
spring-projects/spring-boot,78400,320,12.91
doocs/advanced-java,78246,1,6.95
MisterBooo/LeetCodeAnimation,76451,0,6.78
elastic/elasticsearch,73812,208,15.61
Stirling-Tools/Stirling-PDF,67449,138,2.64
kdn251/interviews,64465,0,8.59
TheAlgorithms/Java,63392,0,9.17
NationalSecurityAgency/ghidra,60564,46,6.55
spring-projects/spring-framework,58844,343,14.78
google/guava,51115,56,11.3
ReactiveX/RxJava,48335,241,12.69
skylot/jadx,45516,32,12.5
dbeaver/dbeaver,45427,231,9.91
termux/termux-app,45118,95,9.9
jeecgboot/JeecgBoot,43888,63,6.81
apache/dubbo,41361,111,13.25
PhilJay/MPAndroidChart,38105,44,11.4
eugenp/tutorials,37260,0,12.38
halo-dev/halo,36929,227,7.49
alibaba/arthas,36721,59,7.05
geekxh/hello-algorithm,35780,0,5.3
airbnb/lottie-android,35474,60,8.94
TeamNewPipe/NewPipe,35097,137,10.04
bumptech/glide,34950,54,12.19
doocs/leetcode,34950,21,7.0
netty/netty,34438,0,14.86
xkcoding/spring-boot-demo,33912,0,7.85
Blankj/AndroidUtilCode,33644,117,9.13
alibaba/easyexcel,33626,14,7.61
zxing/zxing,33592,31,13.93
YunaiV/ruoyi-vue-pro,33257,46,4.65
SeleniumHQ/selenium,33225,108,12.67
alibaba/nacos,32053,85,7.26
binarywang/WxJava,31923,30,9.7
apache/kafka,30918,0,14.09
ityouknow/spring-boot-examples,30607,0,8.87
chinabugotech/hutool,30075,153,11.43
apolloconfig/apollo,29656,41,9.54
keycloak/keycloak,29620,88,12.21
alibaba/canal,29372,32,12.68
xuxueli/xxl-job,29318,39,9.8
conductor-oss/conductor,29168,26,1.78
wuyouzhuguli/SpringAll,28961,0,7.38
alibaba/spring-cloud-alibaba,28762,48,7.79
alibaba/druid,28194,51,13.87
lenve/vhr,27947,0,7.7
DrKLO/Telegram,27541,95,11.9
crossoverJie/JCSprout,27068,0,7.75
qiurunze123/miaosha,26511,0,7.01
ashishps1/awesome-system-design-resources,26023,0,1.9
apache/incubator-seata,25805,44,6.72
alibaba/fastjson,25750,84,13.87
JakeWharton/butterknife,25482,0,12.54
hollischuang/toBeTopJavaer,25468,0,6.9
apache/flink,25274,0,11.28
scwang90/SmartRefreshLayout,25154,14,8.29
proxyee-down-org/proxyee-down,24869,49,7.9
OpenAPITools/openapi-generator,24843,73,7.35
Anuken/Mindustry,24818,168,8.38
greenrobot/EventBus,24764,7,13.17
bazelbuild/bazel,24566,212,11.27
apache/skywalking,24524,62,9.86
yuliskov/SmartTube,24498,915,5.14
jenkinsci/jenkins,24439,445,14.82
Netflix/Hystrix,24400,79,12.82
libgdx/libgdx,24344,14,13.1
CodePhiliaX/Chat2DB,24262,43,2.25
google/gson,24046,12,10.5
redisson/redisson,24032,173,11.68
doocs/source-code-hunter,22965,0,5.89
iBotPeaches/Apktool,22911,26,13.49
alibaba/Sentinel,22905,25,7.46
EnterpriseQualityCoding/FizzBuzzEnterpriseEdition,22783,0,12.81
apache/rocketmq,22096,22,8.8
dataease/dataease,21885,98,4.62
google/ExoPlayer,21877,28,11.26
elunez/eladmin,21789,1,6.76
openjdk/jdk,21711,0,7.0
LSPosed/LSPosed,21575,39,4.76
kestra-io/kestra,21175,311,6.07
CarGuo/GSYVideoPlayer,21105,53,8.84
oracle/graal,21091,32,9.67
brettwooldridge/HikariCP,20716,0,11.94
kunal-kushwaha/DSA-Bootcamp-Java,20663,0,4.13
apache/shardingsphere,20452,58,9.66
didi/DoKit,20389,14,7.09
mybatis/mybatis-3,20231,46,12.59
ReactiveX/RxAndroid,20077,20,11.08
linlinjava/litemall,19922,8,7.49
yudaocode/SpringBoot-Labs,19862,0,7.01
xiaojieonly/Ehviewer_CN_SXJ,19724,107,4.85
thingsboard/thingsboard,19716,70,8.79
dianping/cat,18936,3,12.78
Baseflow/PhotoView,18871,5,13.17
JetBrains/intellij-community,18784,4,13.97
antlr/antlr4,18346,31,15.62
williamfiset/Algorithms,18224,0,8.5
Tencent/APIJSON,18197,110,8.82
lionsoul2014/ip2region,18161,3,9.88
dromara/Sa-Token,18161,38,5.62
ashishps1/awesome-low-level-design,18014,0,1.83
LMAX-Exchange/disruptor,17987,14,12.99
forezp/SpringCloudLearning,17974,0,8.44
YunaiV/yudao-cloud,17860,32,6.38
Tencent/tinker,17554,60,9.03
openzipkin/zipkin,17306,97,13.28
infinilabs/analysis-ik,17216,1,13.75
justauth/JustAuth,17193,46,6.63
facebook/fresco,17137,55,10.55
baomidou/mybatis-plus,17106,38,9.08
ben-manes/caffeine,17036,71,10.76
material-components/material-components-android,16953,112,8.78
nostra13/Android-Universal-Image-Loader,16929,0,13.8
alibaba/DataX,16811,7,7.66
winterbe/java8-tutorial,16778,0,11.5
shuzheng/zheng,16729,0,8.95
Grasscutters/Grasscutter,16664,20,3.42
heibaiying/BigData-Notes,16652,0,6.52
JeffLi1993/springboot-learning-example,16558,0,8.61
gyoogle/tech-interview-for-developer,16544,0,6.28
prestodb/presto,16502,12,13.11
questdb/questdb,16129,93,11.39
android-hacker/VirtualXposed,15826,50,7.79
dyc87112/SpringBoot-Learning,15789,0,9.07
android10/Android-CleanArchitecture,15565,0,11.08
mockito/mockito,15277,222,12.93
apache/hadoop,15262,0,11.06
Konloch/bytecode-viewer,15214,61,10.93
neo4j/neo4j,15074,72,12.85
quarkusio/quarkus,14969,416,7.2
zhisheng17/flink-learning,14929,0,6.71
apache/pulsar,14852,112,9.22
java-decompiler/jd-gui,14743,18,10.48
elastic/logstash,14636,208,14.83
eclipse-vertx/vert.x,14566,0,14.25
hdodenhof/CircleImageView,14532,0,11.66
supertokens/supertokens-core,14515,91,5.7
Tencent/QMUI_Android,14515,35,8.41
alibaba/ARouter,14492,16,8.76
arduino/Arduino,14427,37,15.0
apache/doris,14277,74,8.1
theonedev/onedev,14261,430,6.86
zaproxy/zaproxy,14105,16,10.29
deeplearning4j/deeplearning4j,14099,0,11.81
GoogleContainerTools/jib,14021,168,7.65
Netflix/zuul,13891,28,12.51
orhanobut/logger,13888,16,10.49
apache/dolphinscheduler,13831,53,6.55
apache/druid,13828,68,12.9
seaswalker/spring-analysis,13726,0,9.02
pinpoint-apm/pinpoint,13713,61,10.91
DuGuQiuBai/Java,13708,0,9.81
sqshq/piggymetrics,13699,2,10.47
JessYanCoding/AndroidAutoSize,13694,14,7.09
Curzibn/Luban,13677,6,9.15
lgvalle/Material-Animations,13658,0,10.53
cryptomator/cryptomator,13639,193,11.62
janishar/mit-deep-learning-book-pdf,13594,3,8.45
languagetool-org/languagetool,13575,0,12.11
tink-crypto/tink,13554,21,11.28
LuckSiege/PictureSelector,13541,116,8.7
Bigkoo/Android-PickerView,13480,0,10.72
kekingcn/kkFileView,13320,16,7.76
projectlombok/lombok,13277,0,16.27
macrozheng/mall-learning,13254,0,6.43
ashishps1/awesome-leetcode-resources,13182,0,1.9
youth5201314/banner,13033,0,9.4
pxb1988/dex2jar,12907,8,10.51
Netflix/conductor,12777,319,8.77
facebook/stetho,12709,13,10.65
codecentric/spring-boot-admin,12687,139,11.15
google/guice,12677,19,11.3
alibaba/COLA,12657,11,7.61
greenrobot/greenDAO,12626,8,13.91
Netflix/eureka,12623,151,13.14
macrozheng/mall-swarm,12611,3,5.81
apache/zookeeper,12598,0,16.48
zhihu/Matisse,12566,15,8.43
metersphere/metersphere,12473,179,5.62
daimajia/AndroidViewAnimations,12472,9,11.24
daimajia/AndroidSwipeLayout,12407,18,11.06
pagehelper/Mybatis-PageHelper,12339,15,11.27
redis/jedis,12155,114,15.27
amitshekhariitbhu/android-interview-questions,12083,0,8.19
plantuml/plantuml,12080,60,14.87
Yalantis/uCrop,12043,20,9.7
Tencent/matrix,11903,16,6.77
trinodb/trino,11880,0,6.66
Tencent/VasSonic,11871,10,8.13
Team-xManager/xManager,11857,51,4.61
debezium/debezium,11843,0,9.65
grpc/grpc-java,11842,180,10.77
frank-lam/fullstack-tutorial,11681,0,7.43
xpipe-io/xpipe,11630,122,2.64
code4craft/webmagic,11627,33,12.4
opensearch-project/OpenSearch,11555,59,4.63
OpenRefine/OpenRefine,11514,72,12.92
realm/realm-java,11484,0,13.41
careercup/CtCI-6th-Edition,11462,0,10.21
gyf-dev/ImmersionBar,11449,0,8.41
PaperMC/Paper,11413,0,9.65
newbee-ltd/newbee-mall,11394,0,5.99
provectus/kafka-ui,11294,25,5.81
jhy/jsoup,11243,20,15.75
permissions-dispatcher/PermissionsDispatcher,11229,40,10.09
mission-peace/interview,11212,0,11.16
apereo/cas,11195,303,14.02
LawnchairLauncher/lawnchair,11135,30,8.54
beemdevelopment/Aegis,11125,72,9.09
H07000223/FlycoTabLayout,11121,4,9.86
lingochamp/FileDownloader,11113,65,9.74
daniulive/SmarterStreaming,11113,0,9.48
jfeinstein10/SlidingMenu,11045,0,13.22
datahub-project/datahub,11038,104,9.83
androidannotations/androidannotations,11036,0,13.7
doocs/jvm,10971,0,7.24
microg/GmsCore,10932,41,11.4
ssssssss-team/spider-flow,10913,2,5.48
square/javapoet,10871,0,12.62
apple/pkl,10850,16,1.66
jwtk/jjwt,10847,9,11.01
alibaba/vlayout,10773,34,8.55
aosp-mirror/platform_frameworks_base,10768,0,16.9
asLody/VirtualApp,10754,0,9.2
TooTallNate/Java-WebSocket,10737,19,15.66
clojure/clojure,10717,0,15.22
StarRocks/starrocks,10670,154,4.04
android-async-http/android-async-http,10631,3,14.57
jeasonlzy/okhttp-OkGo,10603,14,9.67
google/auto,10523,66,12.32
lipangit/JiaoZiVideoPlayer,10493,78,9.61
tbruyelle/RxPermissions,10482,11,9.97
Activiti/Activiti,10425,1000,13.01
zfile-dev/zfile,10389,67,6.08
resilience4j/resilience4j,10363,35,10.29
JessYanCoding/MVPArms,10287,25,9.11
awsdocs/aws-doc-sdk-examples,10207,0,9.08
JakeWharton/ViewPagerIndicator,10104,0,14.12
signalapp/Signal-Server,10075,0,11.77
stanfordnlp/CoreNLP,9967,19,12.22
wasabeef/glide-transformations,9927,0,10.69
googlesamples/easypermissions,9914,12,9.74
paascloud/paascloud-master,9899,0,7.5
uknownothingsnow/JsBridge,9889,0,10.56
SonarSource/sonarqube,9885,65,14.7
hackware1993/MagicIndicator,9802,12,9.23
HarlonWang/AVLoadingIndicatorView,9770,1,9.9
OpenFeign/feign,9737,39,12.22
YoKeyword/Fragmentation,9724,30,9.57
xuchengsheng/spring-reading,9706,0,2.01
lihengming/spring-boot-api-project-seed,9686,4,8.24
perwendel/spark,9660,0,14.37
ksoichiro/Android-ObservableScrollView,9650,0,10.86
react-native-camera/react-native-camera,9648,144,10.46
koral--/android-gif-drawable,9631,61,12.63
bilibili/DanmakuFlameMaster,9600,5,12.1
spinnaker/spinnaker,9580,15,11.21
liaohuqiu/android-Ultra-Pull-To-Refresh,9563,8,10.84
MyCATApache/Mycat-Server,9552,7,10.79
umano/AndroidSlidingUpPanel,9497,8,12.3
crossoverJie/cim,9442,9,7.33
pockethub/PocketHub,9381,1,14.02
apache/cassandra,9368,0,16.33
Justson/AgentWeb,9351,21,8.35
seven332/EhViewer,9337,97,11.35
huanghaibin-dev/CalendarView,9315,1,8.52
json-path/JsonPath,9299,10,14.65
spring-projects/spring-security,9298,232,13.68
GcsSloop/AndroidNote,9293,0,9.7
android/testing-samples,9277,0,10.93
cats-oss/android-gpuimage,9129,0,12.95
flyway/flyway,9104,268,12.76
didi/VirtualAPK,9042,4,8.22
langchain4j/langchain4j,9019,52,2.25
apache/jmeter,9002,10,15.31
navasmdc/MaterialDesignLibrary,8971,3,10.97
KunMinX/Jetpack-MVVM-Best-Practice,8951,0,5.88
Freelander/Android_Data,8845,0,10.46
nathanmarz/storm,8811,0,14.0
java-native-access/jna,8803,0,14.39
laobie/StatusBarUtil,8800,0,9.59
apache/seatunnel,8784,52,8.12
flowable/flowable-engine,8724,28,8.93
Blankj/awesome-java-leetcode,8714,0,8.42
chrisbanes/Android-PullToRefresh,8687,0,13.8
checkstyle/checkstyle,8676,169,12.05
karatelabs/karate,8665,54,8.61
ybq/Android-SpinKit,8663,0,9.49
apache/shenyu,8658,13,7.19
shwenzhang/AndResGuard,8624,4,9.94
react-native-image-picker/react-native-image-picker,8591,142,10.28
chrisjenx/Calligraphy,8569,4,11.74
amitshekhariitbhu/Android-Debug-Database,8564,14,8.84
airbnb/epoxy,8560,76,9.11
facebook/buck,8557,57,12.42
dropwizard/dropwizard,8553,189,14.66
junit-team/junit4,8537,13,16.68
frohoff/ysoserial,8505,1,10.64
ZCShou/GoGoGo,8498,8,3.79
google/tsunami-security-scanner,8461,27,5.29
roughike/BottomBar,8388,4,9.51
LSPosed/LSPatch,8386,9,4.54
PojavLauncherTeam/PojavLauncher,8384,126,5.52
hs-web/hsweb-framework,8382,30,9.66
DImuthuUpe/AndroidPdfViewer,8364,0,9.29
testcontainers/testcontainers-java,8326,85,10.43
wildfirechat/im-server,8301,108,6.65
apache/beam,8297,53,9.62
apache/shardingsphere-elasticjob,8210,30,10.02
pentaho/pentaho-kettle,8173,1,11.94
cabaletta/baritone,8154,85,7.13
alibaba/atlas,8151,7,8.55
HMCL-dev/HMCL,8134,259,10.24
alibaba/transmittable-thread-local,8131,58,11.93
alibaba/otter,8128,10,12.11
bytedeco/javacv,8123,13,11.41
florent37/MaterialViewPager,8113,11,10.4
aeron-io/aeron,8109,126,11.61
guolindev/LitePal,8102,0,12.57
aritraroy/UltimateAndroidReference,8101,0,8.44
davemorrissey/subsampling-scale-image-view,7988,21,12.06
Netflix/SimianArmy,7987,4,13.2
apache/iceberg,7974,31,6.83
junixapp/XPopup,7967,221,6.78
apache/tomcat,7950,0,13.96
JakeWharton/hugo,7931,0,11.81
dropwizard/metrics,7850,140,15.55
HannahMitt/HomeMirror,7846,0,10.07
software-mansion/react-native-svg,7834,124,9.67
Graylog2/graylog2-server,7805,0,15.33
ChrisRM/material-theme-jetbrains,7791,17,9.98
trello-archive/RxLifecycle,7693,22,10.16
krahets/LeetCode-Book,7684,0,3.75
goldze/MVVMHabit,7684,3,8.16
vipshop/vjtools,7672,9,7.3
lecho/hellocharts-android,7659,14,10.93
Tencent/Shadow,7642,5,6.26
gedoor/MyBookshelf,7624,165,7.27
PowerJob/PowerJob,7591,51,5.51
google/android-classyshark,7591,17,9.93
google/closure-compiler,7570,0,11.42
koush/AndroidAsync,7549,0,13.07
jeecgboot/jimureport,7541,29,5.79
kaushikgopal/RxJava-Android-Samples,7527,0,11.15
kevin-wayne/algs4,7503,0,10.05
mapstruct/mapstruct,7501,35,13.31
yuanguangxin/LeetCode,7469,0,5.68
swagger-api/swagger-core,7456,121,14.2
enso-org/enso,7439,482,8.75
gunnarmorling/1brc,7430,0,1.72
lenve/VBlog,7418,0,7.73
dyc87112/SpringCloud-Learning,7404,0,9.07
abel533/Mapper,7370,8,10.82
leolin310148/ShortcutBadger,7354,0,11.84
Qihoo360/RePlugin,7340,19,8.28
MinecraftForge/MinecraftForge,7302,0,13.63
square/dagger,7301,0,13.12
gocd/gocd,7297,86,11.76
Bearded-Hen/Android-Bootstrap,7269,5,11.88
AntennaPod/AntennaPod,7254,62,13.13
pedant/sweet-alert-dialog,7249,2,10.91
crazycodeboy/TakePhoto,7243,15,10.12
Exrick/xmall,7234,0,8.14
geeeeeeeeek/WeChatLuckyMoney,7224,20,9.97
cymcsg/UltimateRecyclerView,7202,9,10.64
dependency-check/DependencyCheck,7193,85,13.03
google/agera,7167,16,9.75
NanoHttpd/nanohttpd,7163,3,13.1
didi/KnowStreaming,7143,23,5.5
ogaclejapan/SmartTabLayout,7097,0,10.59
Genymobile/gnirehtet,7088,12,8.6
JakeWharton/ActionBarSherlock,7075,32,14.53
Alluxio/alluxio,7069,61,12.74
naman14/Timber,7057,5,10.26
AutoMQ/automq,7053,70,2.09
google/error-prone,7040,57,11.07
NLPchina/elasticsearch-sql,7033,272,11.07
h2pl/JavaTutorial,7029,1,7.38
rest-assured/rest-assured,7025,0,14.91
mrniko/netty-socketio,6998,19,13.68
wiremock/wiremock,6980,51,13.94
DroidPluginTeam/DroidPlugin,6961,2,10.06
alibaba/jvm-sandbox,6922,13,8.12
exadel-inc/CompreFace,6893,11,5.2
hongyangAndroid/okhttputils,6860,0,10.09
Meituan-Dianping/walle,6846,1,8.68
macrozheng/springcloud-learning,6839,0,6.03
rabbitmq/rabbitmq-tutorials,6806,0,14.99
junit-team/junit-framework,6793,97,10.68
CoderLeixiaoshuai/java-eight-part,6789,0,4.92
zo0r/react-native-push-notification,6787,35,9.76
smuyyh/BookReader,6783,0,9.12
jd-opensource/joyagent-jdgenie,6783,0,0.17
Angel-ML/angel,6776,19,8.4
spring-projects/spring-ai,6745,3,2.22
guardianproject/haven,6724,37,8.55
markzhai/AndroidPerformanceMonitor,6724,0,9.67
fuzhengwei/itstack-demo-design,6717,0,5.33
getActivity/AndroidProject,6716,17,6.9
gzu-liyujiang/AndroidPicker,6712,57,9.91
zouzg/mybatis-generator-gui,6710,16,9.36
527515025/springBoot,6702,0,8.86
hongyangAndroid/AndroidAutoLayout,6675,0,9.83
Meituan-Dianping/Leaf,6669,0,6.77
Col-E/Recaf,6654,170,8.14
apache/storm,6653,5,11.87
yanzhenjie/AndPermission,6644,0,9.02
apache/hertzbeat,6615,6,3.62
raphw/byte-buddy,6609,304,11.81
quartz-scheduler/quartz,6607,5,9.53
GrenderG/Toasty,6597,19,8.66
apache/zeppelin,6559,0,10.48
JesusFreke/smali,6535,0,12.98
NLPchina/ansj_seg,6530,3,13.03
jOOQ/jOOQ,6521,105,14.42
MuntashirAkon/AppManager,6517,76,5.3
FongMi/TV,6515,0,3.24
processing/processing,6504,48,12.64
ximsfei/Android-skin-support,6504,0,8.68
getActivity/XXPermissions,6489,72,7.26
traccar/traccar,6460,63,13.42
wxiaoqi/Spring-Cloud-Platform,6434,3,8.31
ArthurHub/Android-Image-Cropper,6425,32,10.67
vinc3m1/RoundedImageView,6423,19,12.57
pig-mesh/pig,6419,19,6.06
hazelcast/hazelcast,6392,200,13.49
AsyncHttpClient/async-http-client,6391,7,14.53
aa112901/remusic,6359,0,9.48
vespa-engine/vespa,6349,239,9.29
sshahine/JFoenix,6344,0,10.03
joelittlejohn/jsonschema2pojo,6333,63,12.24
wasabeef/richeditor-android,6331,0,10.47
micronaut-projects/micronaut-core,6302,311,7.53
amitshekhariitbhu/from-java-to-kotlin,6293,0,8.33
koush/ion,6274,0,12.32
648540858/wvp-GB28181-pro,6270,1,4.84
lightbend/config,6260,3,13.78
haifengl/smile,6258,34,10.83
hibernate/hibernate-orm,6236,111,14.95
apache/flink-cdc,6227,22,5.14
ityouknow/spring-cloud-examples,6225,0,8.39
gephi/gephi,6207,19,13.91
graphql-java/graphql-java,6198,93,10.2
DerekYRC/mini-spring,6193,0,4.83
logisim-evolution/logisim-evolution,6192,31,11.0
Javen205/IJPay,6174,24,8.38
jetlinks/jetlinks-community,6155,20,5.71
google/grafika,6134,1,11.74
auth0/java-jwt,6128,45,11.53
ikew0ng/SwipeBackLayout,6123,0,12.06
nayuki/QR-Code-generator,6122,5,9.42
apache/incubator-kie-drools,6118,6,14.58
daimajia/NumberProgressBar,6106,3,11.38
rengwuxian/MaterialEditText,6099,19,10.88
apache/iotdb,6080,47,6.81
Vedenin/useful-java-links,6061,0,9.59
LaurieWired/GhidraMCP,6045,5,0.49
alipay/SoloPi,6042,8,6.51
LandGrey/SpringBootVulExploit,6035,0,5.33
singwhatiwanna/dynamic-load-apk,6030,0,11.47
google/j2objc,6029,1,11.63
pedrovgs/EffectiveAndroidUI,6015,0,11.21
graphhopper/graphhopper,6009,45,13.58
rey5137/material,5988,10,10.77
google/physical-web,5982,17,10.96
vavr-io/vavr,5974,19,11.63
obsidiandynamics/kafdrop,5971,50,6.31
robolectric/robolectric,5967,110,15.06
wyouflf/xUtils3,5967,9,9.89
btraceio/btrace,5957,33,11.05
liyifeng1994/ssm,5956,0,9.25
apache/camel,5954,0,16.33
javaparser/javaparser,5943,55,13.88
springfox/springfox,5941,12,13.37
apache/hudi,5938,31,8.76
prolificinteractive/material-calendarview,5925,22,10.6
google/google-java-format,5921,35,10.35
antoniolg/androidmvp,5918,0,11.46
apache/pinot,5901,21,11.33
weibocom/motan,5896,28,9.41
journeyapps/zxing-android-embedded,5891,9,12.8
ZhongFuCheng3y/austin,5890,0,3.86
WeiYe-Jing/datax-web,5889,5,5.83
CeuiLiSA/Pixiv-Shaft,5888,114,6.46
opengoofy/hippo4j,5885,18,4.25
lets-blade/blade,5878,9,10.27
alibaba/spring-ai-alibaba,5857,10,1.02
amitshekhariitbhu/Fast-Android-Networking,5845,10,9.49
JSQLParser/JSqlParser,5812,37,14.23
youtube/api-samples,5807,0,11.77
ffay/lanproxy,5805,1,8.82
Nightonke/BoomMenu,5804,0,9.5
changmingxie/tcc-transaction,5796,8,9.79
apache/hive,5791,0,16.33
yarolegovich/DiscreteScrollView,5788,2,8.54
JakeWharton/DiskLruCache,5774,0,13.7
dmytrodanylyk/circular-progress-button,5772,3,11.28
TeamAmaze/AmazeFileManager,5764,66,11.18
Nepxion/Discovery,5743,132,7.24
jeequan/jeepay,5732,0,8.1
k0shk0sh/FastHub,5727,63,8.57
Devlight/InfiniteCycleViewPager,5725,2,9.07
jpush/aurora-imui,5716,42,8.76
yanzhenjie/SwipeRecyclerView,5705,0,9.12
dromara/lamp-cloud,5688,0,7.67
springside/springside4,5685,3,13.57
apache/nifi,5678,0,10.77
jagrosh/MusicBot,5669,38,9.09
wasabeef/Blurry,5662,0,10.15
JakeWharton/u2020,5661,0,11.84
crazycodeboy/react-native-splash-screen,5660,12,9.01
hanks-zyh/HTextView,5649,0,9.74
redis/lettuce,5638,135,11.36
ZHENFENG13/spring-boot-projects,5636,0,8.46
Suwayomi/Suwayomi-Server,5629,58,4.73
daimajia/AndroidImageSlider,5617,5,11.29
JanusGraph/janusgraph,5616,28,8.73
meefik/linuxdeploy,5609,37,13.07
ElderDrivers/EdXposed,5604,27,6.66
TommyLemon/Android-ZBLibrary,5597,25,10.08
hongyangAndroid/FlowLayout,5595,0,10.06
amlcurran/ShowcaseView,5579,13,13.09
baidu/uid-generator,5561,0,8.48
knightliao/disconf,5553,12,11.3
nhaarman/ListViewAnimations,5544,14,12.5
00-Evan/shattered-pixel-dungeon,5501,52,11.13
danikula/AndroidVideoCache,5497,20,10.46
emilsjolander/StickyListHeaders,5493,16,13.52
wuhaoyu1990/MagicCamera,5491,0,9.69
sockeqwe/mosby,5476,15,10.48
alibaba/jetcache,5475,67,8.43
scribejava/scribejava,5467,9,15.03
alibaba/freeline,5458,22,9.12
KeepSafe/TapTargetView,5456,24,9.02
201206030/novel,5455,12,5.85
dm77/barcodescanner,5449,6,11.56
Jasonchenlijian/FastBle,5447,9,9.07
motianhuo/wechat,5436,0,10.32
ddd-by-examples/library,5432,0,6.68
facebookarchive/rebound,5415,10,11.93
apache/dubbo-spring-boot-project,5404,13,7.66
socketio/socket.io-client-java,5404,7,12.39
apache/hbase,5391,47,11.32
houbb/sensitive-word,5383,2,5.69
microsoft/typespec,5381,285,4.21
mik3y/usb-serial-for-android,5375,33,12.21
strimzi/strimzi-kafka-operator,5374,155,9.37
Evernote/android-job,5371,31,10.08
facebookarchive/shimmer-android,5365,5,10.55
apache/groovy,5362,0,10.42
spring-projects/spring-data-examples,5355,0,11.63
ikarus23/MifareClassicTool,5355,8,12.59
jgilfelt/SystemBarTint,5354,3,11.83
commonsguy/cw-omnibus,5349,36,13.52
h6ah4i/android-advancedrecyclerview,5335,1,10.65
coobird/thumbnailator,5328,0,10.15
XRecyclerView/XRecyclerView,5319,0,9.83
osmandapp/OsmAnd,5316,1,14.67
mybatis/generator,5311,11,12.6
google/google-authenticator,5305,0,10.94
LFDT-web3j/web3j,5303,119,9.03
evant/gradle-retrolambda,5290,37,12.12
xxv/android-lifecycle,5271,0,11.42
CaffeineMC/sodium,5270,40,5.63
yixia/VitamioBundle,5268,0,12.91
CodingDocs/springboot-guide,5252,0,6.8
alibaba/QLExpress,5246,18,8.51
zfdang/Android-Touch-Helper,5245,112,4.92
lingochamp/okdownload,5245,8,7.75
cinit/QAuxiliary,5243,48,3.63
thinkaurelius/titan,5241,0,13.56
Yalantis/Side-Menu.Android,5240,2,10.68
razerdp/BasePopup,5233,15,9.67
Doikki/DKVideoPlayer,5230,32,8.44
rubenlagus/TelegramBots,5228,108,9.68
liquibase/liquibase,5224,103,14.19
lucasr/twoway-view,5223,0,12.66
huangyanbin/smartTable,5219,44,7.86
GeyserMC/Geyser,5218,0,6.19
Karumi/Dexter,5216,33,9.83
pmd/pmd,5210,108,13.18
Clans/FloatingActionButton,5206,14,10.49
dunwu/db-tutorial,5205,0,8.11
citerus/dddsample-core,5201,0,10.63
remkop/picocli,5196,86,8.62
tonikelope/megabasterd,5195,208,8.96
hustcc/JS-Sorting-Algorithm,5186,0,8.66
android/views-widgets-samples,5159,0,6.03
j-easy/easy-rules,5152,10,12.52
careercup/ctci,5147,0,12.49
novicezk/midjourney-proxy,5146,0,2.4
square/otto,5145,0,13.22
Fuzion24/JustTrustMe,5143,1,11.15
reactor/reactor-core,5139,212,9.85
bitcoinj/bitcoinj,5137,14,11.83
brianfrankcooper/YCSB,5136,55,15.41
LWJGL/lwjgl3,5127,21,12.73
runelite/runelite,5113,0,9.38
hneemann/Digital,5112,35,9.22
fast-excel/fesod,5110,5,0.95
CellularPrivacy/Android-IMSI-Catcher-Detector,5099,48,11.82
zhanglei-workspace/shopping-management-system,5097,0,9.84
jindrapetrik/jpexs-decompiler,5087,172,11.35
diffplug/spotless,5084,35,10.39
natario1/CameraView,5083,42,8.17
deathmarine/Luyten,5083,17,12.19
oshi/oshi,5079,165,13.6
sofastack/sofa-boot,5062,82,7.46
OpenTSDB/opentsdb,5062,27,15.06
spring-projects/spring-authorization-server,5050,78,5.5
wequick/Small,5049,25,9.81
baomidou/dynamic-datasource,5048,18,7.39
xuexiangjys/XUI,5041,23,6.69
Exrick/xpay,5039,0,7.76
killbill/killbill,5028,150,12.9
youlookwhat/DesignPattern,5020,0,8.91
jankotek/mapdb,5016,0,13.08
Trinea/android-common,5014,1,13.25
yipianfengye/android-zxingLibrary,5013,0,9.14
tianshiyeben/wgcloud,5011,29,6.67
rubensousa/GravitySnapHelper,5002,14,9.05
2227324689/gpmall,4999,0,6.17
line/armeria,4998,261,9.84
youlookwhat/CloudReader,4994,26,8.82
DingMouRen/LayoutManagerGroup,4992,0,7.39
orhanobut/dialogplus,4987,9,10.77
spring-attic/spring-mvc-showcase,4987,0,14.29
apache/ignite,4984,0,10.58
killme2008/aviatorscript,4982,52,14.47
alibaba/UltraViewPager,4977,10,8.47
JodaOrg/joda-time,4976,50,14.34
frogermcs/InstaMaterial,4968,1,10.85
bisq-network/bisq,4954,142,11.52
Devlight/NavigationTabBar,4947,13,9.47
react-native-linear-gradient/react-native-linear-gradient,4943,18,10.46
amitshekhariitbhu/RxJava2-Android-Samples,4940,0,9.06
apache/calcite,4938,0,11.23
spring-cloud/spring-cloud-netflix,4933,24,11.19
PBH-BTN/PeerBanHelper,4925,146,1.61
roncoo/roncoo-pay,4923,0,9.16
lugg/react-native-config,4921,30,9.57
Docile-Alligator/Infinity-For-Reddit,4916,182,7.15
traex/RippleEffect,4914,0,10.93
querydsl/querydsl,4909,35,14.12
javastacks/spring-boot-best-practice,4909,0,6.86
Ramotion/folding-cell-android,4901,0,9.46
DiUS/java-faker,4899,0,14.28
cglib/cglib,4876,15,11.47
orientechnologies/orientdb,4874,225,12.77
rstudio/rstudio,4867,0,14.78
react-native-webrtc/react-native-webrtc,4862,81,9.97
Sayi/poi-tl,4860,14,10.5
reactive-streams/reactive-streams-jvm,4860,0,11.55
allure-framework/allure2,4860,80,9.31
fuzhengwei/small-spring,4851,0,4.34
nextcloud/android,4850,262,9.28
mcxiaoke/packer-ng-plugin,4826,1,9.82
andkulikov/Transitions-Everywhere,4805,23,10.92
claritylab/lucida,4800,0,11.35
mock-server/mockserver,4794,0,12.56
TheoKanning/openai-java,4788,22,5.0
saiwu-bigkoo/Android-ConvenientBanner,4771,0,10.74
apache/maven,4769,26,16.33
ronmamo/reflections,4768,3,12.42
tuguangquan/mybatis,4765,0,10.87
etsy/AndroidStaggeredGrid,4751,7,11.77
kyleduo/SwitchButton,4747,0,11.02
nisrulz/android-tips-tricks,4745,0,9.06
spring-cloud/spring-cloud-gateway,4741,36,8.83
firebase/FirebaseUI-Android,4734,66,10.19
hongyangAndroid/baseAdapter,4720,0,10.12
google/cameraview,4719,0,9.12
zq2599/blog_demos,4715,0,8.44
hansonwang99/Spring-Boot-In-Action,4715,0,6.64
micrometer-metrics/micrometer,4709,273,8.44
spring-attic/spring-security-oauth,4703,0,14.14
zlt2000/microservices-platform,4703,30,6.53
jgilfelt/chuck,4700,5,8.61
pardom-zz/ActiveAndroid,4677,0,12.84
gsantner/markor,4673,76,8.06
SPLWare/esProc,4670,0,3.85
saysky/ForestBlog,4669,0,7.94
cjlin1/libsvm,4661,0,12.02
stleary/JSON-java,4660,24,14.74
wdullaer/MaterialDateTimePicker,4659,54,10.7
TGX-Android/Telegram-X,4647,5,4.08
Heeexy/SpringBoot-Shiro-Vue,4646,0,7.83
gabrielemariotti/cardslib,4644,27,11.99
deepjavalibrary/djl,4642,35,5.88
bytedeco/javacpp,4640,13,11.41
romandanylyk/PageIndicatorView,4638,14,9.07
oracle/opengrok,4634,293,12.69
bepass-org/oblivion,4621,12,1.61
SuperMonster003/AutoJs6,4618,20,3.79
Netflix/ribbon,4618,41,12.67
981011512/--,4616,0,5.25
apache/rocketmq-externals,4608,0,8.51
yasserg/crawler4j,4604,3,13.71
SplashCodes/JAViewer,4604,10,9.33
angryip/ipscan,4590,31,14.22
RedSpider1/concurrent,4588,0,6.87
chewiebug/GCViewer,4588,5,13.9
CalebFenton/simplify,4585,9,11.67
ReVanced/revanced-patches,4579,672,1.76
puniverse/quasar,4578,18,12.48
rememberber/WePush,4578,58,8.24
dromara/dynamic-tp,4578,19,3.69
chentao0707/SimplifyReader,4566,0,10.09
javagrowing/JGrowing,4564,0,6.56
charles2gan/GDA-android-reversing-Tool,4558,40,7.88
zhanghai/Douya,4558,11,9.63
objectbox/objectbox-java,4556,48,8.65
discord-jda/JDA,4556,111,9.77
go-lang-plugin-org/go-lang-idea-plugin,4549,21,15.05
square/sqlbrite,4546,9,10.58
danielzeller/Depth-LIB-Android-,4543,0,9.39
jdamcd/android-crop,4536,6,11.52
JZ-Darkal/AndroidHttpCapture,4534,1,8.92
zhkl0228/unidbg,4532,15,6.56
alibaba/dexposed,4531,0,10.22
hussien89aa/AndroidTutorialForBeginners,4531,0,8.97
booklore-app/booklore,4526,91,0.76
ant-media/Ant-Media-Server,4520,64,8.55
castorflex/SmoothProgressBar,4520,9,11.8
Flipboard/bottomsheet,4517,10,10.4
tiann/epic,4516,5,8.32
azkaban/azkaban,4515,48,12.91
phishman3579/java-algorithms-implementation,4511,0,11.82
HotBitmapGG/bilibili-android-client,4492,1,9.3
zongzibinbin/MallChat,4490,0,2.51
JakeWharton/NineOldAndroids,4477,0,13.77
Meituan-Dianping/Robust,4458,13,8.51
h2database/h2database,4449,23,10.44
linhaojun857/aurora,4446,0,3.08
janishar/android-mvp-architecture,4445,0,8.64
square/android-times-square,4438,0,12.63
dreamhead/moco,4427,1,12.91
water8394/flink-recommandSystem-demo,4423,0,6.34
Tencent/GT,4414,3,9.68
jacoco/jacoco,4411,49,13.19
airbnb/DeepLinkDispatch,4407,24,10.27
IoT-Technology/IoT-Technical-Guide,4405,0,6.46
Freeyourgadget/Gadgetbridge,4404,0,10.7
apache/shiro,4403,14,16.05
robinhood/ticker,4389,9,9.17
flutter-webrtc/flutter-webrtc,4376,133,7.53
Ashok-Varma/BottomNavigation,4364,16,9.49
awangdev/leet-code,4360,0,10.4
pytorch/serve,4349,24,5.96
eirslett/frontend-maven-plugin,4322,0,12.05
kermitt2/grobid,4318,22,13.01
mywalkb/LSPosed_mod,4314,10,3.47
jeasonlzy/ImagePicker,4313,5,9.64
bingoogolapple/BGARefreshLayout-Android,4308,4,10.31
crate/crate,4296,139,12.44
dragonwell-project/dragonwell8,4286,42,6.53
Snailclimb/guide-rpc-framework,4283,0,5.36
ThirtyDegreesRay/OpenHub,4280,31,8.19
mcxiaoke/android-volley,4278,0,12.33
bjmashibing/InternetArchitect,4274,0,5.91
failsafe-lib/failsafe,4273,0,10.22
brianway/java-learning,4272,0,9.6
ongakuer/CircleIndicator,4270,7,11.13
aporter/coursera-android,4264,0,11.7
grantland/android-autofittextview,4260,1,14.59
jitsi/jitsi,4260,7,12.4
201206030/novel-plus,4258,34,5.38
google/open-location-code,4249,5,10.96
camunda/camunda-bpm-platform,4241,0,12.7
jlegewie/zotfile,4239,33,13.72
s4kibs4mi/java-developer-roadmap,4228,0,6.4
mybatis/spring-boot-starter,4217,32,9.98
jboss-javassist/javassist,4215,24,12.32
ChadCSong/ShineButton,4214,2,9.2
nining377/dolby_beta,4211,37,5.33
microsoft/malmo,4201,21,9.34
apache/streampark,4200,15,6.31
yhaolpz/FloatWindow,4197,9,7.84
hugeterry/CoordinatorTabLayout,4197,0,8.64
codingapi/tx-lcn,4196,14,7.85
powermock/powermock,4191,16,11.31
Jacksgong/JKeyboardPanelSwitch,4190,14,10.21
tencentmusic/supersonic,4186,15,2.27
zendesk/maxwell,4186,214,10.6
aws/aws-sdk-java,4178,0,15.49
bingoogolapple/BGABanner-Android,4178,0,10.89
oddfar/campus-imaotai,4158,11,2.2
alibaba/fastjson2,4151,58,3.42
pedrovgs/AndroidWiFiADB,4148,8,9.91
dromara/hmily,4143,0,7.97
geoserver/geoserver,4137,62,13.85
karma9874/AndroRAT,4127,0,5.49
dinuscxj/LoadingDrawable,4116,0,9.42
alibaba/Tangram-Android,4107,38,8.47
pqpo/SmartCropper,4093,13,8.12
DTStack/chunjun,4085,30,7.46
Manabu-GT/ExpandableTextView,4084,4,11.33
qunarcorp/bistoury,4083,8,6.13
code4craft/tiny-spring,4080,0,11.68
rubensousa/ViewPagerCards,4073,0,9.08
oblac/jodd,4072,37,13.02
freeok/so-novel,4069,46,3.32
luckybilly/CC,4045,0,7.82
oldmanpushcart/greys-anatomy,4026,0,12.82
jMonkeyEngine/jmonkeyengine,4020,76,11.49
xcltapestry/XCL-Charts,4020,0,11.27
JabRef/jabref,4019,45,11.52
BoltsFramework/Bolts-Android,4011,11,11.63
LibrePDF/OpenPDF,4007,83,9.19
lcodecorex/TwinklingRefreshLayout,4002,0,9.54
knowm/XChange,4001,0,13.62
jetty/jetty.project,4000,132,14.18
Yalantis/Phoenix,3999,1,10.68
jbloch/effective-java-3e-source-code,3998,0,7.12
bitcoin-wallet/bitcoin-wallet,3992,0,13.46
makovkastar/FloatingActionButton,3992,0,11.16
Piasy/BigImageViewer,3987,0,8.86
orhanobut/hawk,3980,22,10.57
torakiki/pdfsam,3979,66,11.98
mercyblitz/tech-weekly,3979,0,6.79
qstumn/BadgeView,3978,5,8.61
lilishop/lilishop,3971,3,4.34
lukas-krecan/ShedLock,3970,0,8.77
JeremyLiao/LiveEventBus,3967,0,7.19
syncthing/syncthing-android,3963,332,11.56
zzhoujay/RichText,3961,0,10.16
awaitility/awaitility,3960,0,15.65
RipMeApp/ripme,3959,143,8.69
rovo89/XposedInstaller,3958,0,13.46
NotFound9/interviewGuide,3958,0,9.41
fishercoder1534/Leetcode,3956,0,9.13
binIoter/GuideView,3953,0,9.25
googlesamples/mlkit,3953,1,5.3
Querz/mcaselector,3951,72,7.4
tronprotocol/java-tron,3950,80,7.73
JoanZapata/android-iconify,3943,0,12.27
linyiqun/DataMiningAlgorithm,3928,0,10.68
rengwuxian/RxJavaSamples,3927,3,9.48
pingfangushi/screw,3922,0,5.24
JFormDesigner/FlatLaf,3919,87,6.08
iterate-ch/cyberduck,3918,0,8.66
promeG/TinyPinyin,3916,2,9.97
bluelinelabs/Conductor,3908,36,9.5
ReChronoRain/HyperCeiler,3907,7,1.89
shuzijun/leetcode-editor,3901,55,6.5
sofastack/sofa-rpc,3896,63,7.44
databricks/learning-spark,3895,0,11.26
JavaNoober/BackgroundLibrary,3893,13,7.02
alibaba/jstorm,3891,22,12.04
Exrick/xboot,3888,6,7.4
VaughnVernon/IDDD_Samples,3886,0,12.44
amirzaidi/Launcher3,3885,22,8.3
vipulasri/Timeline-View,3884,15,9.76
M66B/FairEmail,3878,1000,7.13
wendux/DSBridge-Android,3856,2,8.71
uber/NullAway,3850,31,8.04
kubernetes-client/java,3836,55,8.36
aurelhubert/ahbottomnavigation,3829,14,9.5
google/bundletool,3829,63,7.37
MiguelCatalan/MaterialSearchView,3824,6,10.01
react-native-share/react-native-share,3821,139,9.97
yanzhenjie/AndServer,3819,1,9.26
jishenghua/jshERP,3818,6,8.99
ageerle/ruoyi-ai,3815,6,1.67
Helium314/HeliBoard,3815,50,3.53
ZHENFENG13/My-Blog,3815,0,6.54
uknownothingsnow/CircleProgress,3815,0,10.88
Dimezis/BlurView,3801,31,9.41
camunda/camunda,3800,469,9.49
gh0stkey/HaE,3797,77,5.48
shopizer-ecommerce/shopizer,3796,18,12.82
sunfusheng/MarqueeView,3792,0,9.3
fesh0r/fernflower,3784,0,10.96
mpusher/mpush,3779,9,9.39
watabou/pixel-dungeon,3778,0,11.14
mcxtzhang/SwipeDelMenuLayout,3773,2,9.06
lygttpod/SuperTextView,3772,39,8.91
CameraKit/blurkit-android,3767,3,8.86
MovingBlocks/Terasology,3759,70,14.54
Ereza/CustomActivityOnCrash,3754,12,11.2
roboguice/roboguice,3752,0,13.1
timehop/sticky-headers-recyclerview,3751,0,10.96
zhpanvip/BannerViewPager,3750,59,8.47
AsamK/signal-cli,3749,103,10.35
apache/kylin,3748,2,10.7
sofastack/sofa-jraft,3744,32,6.54
andOTP/andOTP,3742,38,8.2
RoaringBitmap/RoaringBitmap,3740,39,12.25
spotbugs/spotbugs,3738,71,8.87
JCTools/JCTools,3730,18,11.85
ethanhua/Skeleton,3725,0,8.13
Atmosphere/atmosphere,3719,0,15.22
willowtreeapps/spruce-android,3718,3,8.56
ByteLegend/ByteLegend,3716,0,4.62
stfalcon-studio/ChatKit,3715,1,8.62
ryanhoo/StylishMusicPlayer,3707,0,9.01
liuyubobobo/Play-with-Algorithms,3706,0,9.2
nICEnnnnnnnLee/BilibiliDown,3704,80,6.65
javahuang/SurveyKing,3703,3,4.03
yanzhenjie/NoHttp,3702,0,10.14
rbmonster/learning-note,3701,0,5.25
undertow-io/undertow,3696,9,13.16
jtablesaw/tablesaw,3691,79,9.71
Creators-of-Create/Create,3688,0,6.17
lihangleo2/ShadowLayout,3678,28,6.19
helidon-io/helidon,3678,131,7.06
yangfuhai/ASimpleCache,3675,0,12.14
yacy/yacy_search_server,3674,0,10.49
dingjikerbo/Android-BluetoothKit,3673,0,9.94
networknt/light-4j,3672,192,9.02
lisawray/groupie,3671,28,9.04
grpc-ecosystem/grpc-spring,3670,34,8.71
google/rejoiner,3670,3,7.78
coderbruis/JavaSourceCodeLearning,3668,0,5.29
KunMinX/Linkage-RecyclerView,3667,0,6.41
linkedin/databus,3667,0,12.75
tchiotludo/akhq,3653,42,7.02
PlexPt/chatgpt-java,3644,24,2.78
litesuits/android-common,3642,0,11.3
microservices-patterns/ftgo-application,3628,0,7.9
huburt-Hu/NewbieGuide,3622,20,8.14
apache/incubator-heron,3621,56,9.98
FasterXML/jackson-databind,3620,0,13.74
uncle-novel/uncle-novel,3615,1,6.77
blossom-editor/blossom,3613,19,2.11
rockerhieu/emojicon,3613,2,11.66
alibaba/Alink,3609,22,6.97
spockframework/spock,3608,26,14.76
Mojang/brigadier,3601,3,11.01
spring-io/initializr,3598,17,12.28
tyrantgit/ExplosionField,3592,0,9.98
mbechler/marshalsec,3592,0,8.32
dtinit/data-transfer-project,3591,61,7.7
kikoso/android-stackblur,3591,0,12.09
vert-x3/vertx-examples,3583,0,10.56
dongjunkun/DropDownMenu,3582,2,10.24
WVector/AppUpdate,3579,3,8.25
hmkcode/Android,3578,0,12.04
googlemaps/android-maps-utils,3577,57,12.34
OpenHFT/Chronicle-Queue,3575,534,12.29
IrisShaders/Iris,3573,140,4.9
JakeWharton/ThreeTenABP,3571,0,10.21
davideas/FlexibleAdapter,3570,30,10.38
DataLinkDC/dinky,3569,31,4.27
fabric8io/kubernetes-client,3567,124,10.19
code4craft/netty-learning,3558,0,11.99
dropbox/hackpad,3555,0,10.09
bilibili/MagicaSakura,3554,3,9.23
springdoc/springdoc-openapi,3544,96,6.18
johncarl81/parceler,3544,0,12.21
HelloWorld521/Java,3538,0,8.77
anggrayudi/android-hidden-api,3535,2,10.0
fyhertz/libstreaming,3535,0,12.63
arimorty/floatingsearchview,3534,0,9.82
LinShunKang/MyPerf4J,3534,23,7.52
luontola/retrolambda,3531,0,12.16
spring-cloud/spring-cloud-kubernetes,3522,32,8.76
andremion/Music-Player,3521,2,9.36
apache/logging-log4j2,3521,15,12.27
Netflix/maestro,3520,0,1.42
dariuszseweryn/RxAndroidBle,3517,60,9.62
immutables/immutables,3516,15,12.2
lsjwzh/RecyclerViewPager,3515,10,10.66
1024-lab/smart-admin,3514,22,5.84
nytimes/Store,3512,0,8.8
baoyongzhang/SwipeMenuListView,3504,2,11.07
codeestX/GeekNews,3504,0,9.11
cSploit/android,3503,33,10.95
dromara/liteflow,3501,0,5.48
lenve/JavaEETest,3497,0,8.76
TNG/ArchUnit,3493,43,8.41
KingJA/LoadSir,3492,6,8.04
AxonFramework/AxonFramework,3490,136,13.79
ittianyu/BottomNavigationViewEx,3476,19,8.85
RikkaApps/Sui,3464,21,4.7
phodal/migration,3464,0,5.69
freeplane/freeplane,3460,13,13.01
eclipse-openj9/openj9,3460,53,8.06
rubensousa/PreviewSeekBar,3459,10,8.64
Grt1228/chatgpt-java,3457,10,2.6
Netflix/concurrency-limits,3457,102,7.76
ferredoxin/QNotified,3456,28,6.49
alamkanak/Android-Week-View,3449,4,11.0
apache/fory,3444,49,2.39
crossoverJie/SSM,3440,10,9.24
rom1v/sndcpy,3436,2,5.27
sherxon/AlgoDS,3433,0,8.75
guolindev/giffun,3431,0,6.64
xcc3641/SeeWeather,3426,2,9.57
WinterChenS/my-site,3426,0,7.38
woxingxiao/BubbleSeekBar,3422,12,8.87
GitLqr/LQRWeChat,3420,0,8.61
getActivity/Toaster,3417,37,7.0
google/volley,3415,9,8.64
apache/incubator-kie-optaplanner,3414,6,14.58
